meanPitch,minPitch,maxPitch,stdPitch,meanHarmonicity,minHarmonicity,maxHarmonicity,stdHarmonicity,minIntensity,maxIntensity,quantileIntensity,meanIntensity,stdIntensity,speakingRate,articulationRate,minFormant1,maxFormant1,quantileFormant1,meanFormant1,stdFormant1,minFormant2,maxFormant2,quantileFormant2,meanFormant2,stdFormant2,minFormant3,maxFormant3,quantileFormant3,meanFormant3,stdFormant3,Result
213.48944886035005,74.46271267316541,602.198155584136,84.98301682476101,7.660404360849531,-226.562610123681,33.928748788882345,6.135181527740977,23.143128959097027,66.78793368417195,48.986224506075885,47.449986104284974,11.112176512815303,3.759415816267766,5.022172027855821,--undefined--,2040.9841792863306,494.72351755585083,590.0553286880366,275.5943009142628,296.3994530977828,3417.720526775333,1651.2818202403732,1599.3704763088492,609.1027112653771,1456.7184069173925,4673.669070551041,2762.934977177271,2781.201156808202,473.30196074739564,0
295.8168117929793,84.71904496072483,523.01019270622,84.26971593756893,8.04010057545176,-226.1565164055551,33.89787116309233,5.35639488381211,34.925729374382946,75.5535427360554,67.22993310160648,64.18914732332247,7.162974042224997,5.342588423379896,5.342588423379896,60.96973239531722,2454.4555097182792,642.997114443233,662.476714484438,291.4747531249524,775.8492167194137,3528.5021645162005,1840.422847530935,1911.100105238323,458.5010268251284,1774.8055673758624,4346.406442899597,2975.3873307208437,3002.957481306781,400.82442507300595,3
